{"stats":{"minecraft:crafted":{"minecraft:crafting_table":2,"minecraft:stick":12,"minecraft:wooden_pickaxe":2,"minecraft:iron_ingot":2,"minecraft:stone_pickaxe":1,"minecraft:iron_sword":1,"minecraft:stone_axe":1,"minecraft:jungle_slab":12,"minecraft:jungle_planks":112},"minecraft:killed":{"minecraft:skeleton":8},"minecraft:custom":{"minecraft:time_since_rest":16645,"minecraft:sprint_one_cm":53322,"minecraft:damage_taken":1435,"minecraft:walk_one_cm":48860,"minecraft:mob_kills":8,"minecraft:drop":1,"minecraft:damage_dealt":1838,"minecraft:swim_one_cm":27396,"minecraft:interact_with_crafting_table":5,"minecraft:fly_one_cm":54194,"minecraft:player_kills":1,"minecraft:open_chest":6,"minecraft:crouch_one_cm":11693,"minecraft:play_time":62763,"minecraft:deaths":5,"minecraft:sneak_time":3641,"minecraft:walk_under_water_one_cm":5653,"minecraft:jump":472,"minecraft:leave_game":3,"minecraft:time_since_death":16607,"minecraft:walk_on_water_one_cm":2743,"minecraft:total_world_time":62763,"minecraft:climb_one_cm":15154,"minecraft:fall_one_cm":16492},"minecraft:killed_by":{"minecraft:player":2,"minecraft:skeleton":2},"minecraft:picked_up":{"minecraft:crafting_table":2,"minecraft:jungle_log":101,"minecraft:flint":2,"minecraft:jungle_slab":1,"minecraft:dirt":1,"minecraft:flint_and_steel":1,"minecraft:light_gray_concrete":2,"minecraft:bone":6,"minecraft:arrow":10,"minecraft:stone_axe":1,"minecraft:jungle_sapling":1,"minecraft:coal_block":4,"minecraft:melon_slice":14,"minecraft:quartz_stairs":1,"minecraft:iron_sword":1,"minecraft:furnace":2,"minecraft:cobblestone":6},"minecraft:used":{"minecraft:jungle_sapling":1,"minecraft:flint_and_steel":1,"minecraft:melon_slice":9,"minecraft:wooden_pickaxe":18,"minecraft:iron_sword":34,"minecraft:quartz_stairs":1,"minecraft:golden_leggings":1,"minecraft:stone_axe":58,"minecraft:dirt":1,"minecraft:crafting_table":3,"minecraft:jungle_planks":10,"minecraft:jungle_slab":9,"alexsmobs:animal_dictionary":2,"minecraft:golden_chestplate":1},"minecraft:dropped":{"minecraft:wooden_pickaxe":1},"minecraft:mined":{"minecraft:furnace":2,"minecraft:quartz_stairs":1,"minecraft:jungle_slab":1,"minecraft:fire":5,"minecraft:jungle_leaves":8,"minecraft:crafting_table":2,"minecraft:grass":1,"minecraft:grass_block":1,"minecraft:melon":2,"minecraft:vine":3,"minecraft:jungle_log":59,"minecraft:light_gray_concrete":2,"minecraft:coal_block":4,"minecraft:stone":6,"minecraft:oak_leaves":7,"minecraft:spawner":2}},"DataVersion":3465}