{"stats":{"minecraft:crafted":{"minecraft:crafting_table":1,"minecraft:stick":4,"minecraft:wooden_pickaxe":1,"minecraft:iron_ingot":2,"minecraft:jungle_planks":24},"minecraft:custom":{"minecraft:time_since_rest":3566,"minecraft:open_chest":2,"minecraft:crouch_one_cm":474,"minecraft:play_time":3566,"minecraft:sprint_one_cm":4447,"minecraft:damage_taken":40,"minecraft:walk_one_cm":4720,"minecraft:sneak_time":259,"minecraft:walk_under_water_one_cm":286,"minecraft:jump":43,"minecraft:walk_on_water_one_cm":141,"minecraft:time_since_death":3566,"minecraft:total_world_time":3566,"minecraft:climb_one_cm":796,"minecraft:interact_with_crafting_table":1,"minecraft:fall_one_cm":3460,"minecraft:fly_one_cm":4698},"minecraft:picked_up":{"minecraft:crafting_table":1,"minecraft:jungle_log":6},"minecraft:used":{"minecraft:golden_leggings":1,"minecraft:crafting_table":1,"alexsmobs:animal_dictionary":2},"minecraft:mined":{"minecraft:vine":1,"minecraft:jungle_log":6,"minecraft:fire":5,"minecraft:jungle_leaves":3,"minecraft:crafting_table":1}},"DataVersion":3465}