{"stats":{"minecraft:crafted":{"minecraft:crafting_table":2,"minecraft:stick":12,"minecraft:iron_ingot":2,"minecraft:wooden_pickaxe":2,"minecraft:stone_pickaxe":1,"minecraft:iron_sword":1,"minecraft:stone_axe":1,"minecraft:jungle_slab":12,"minecraft:jungle_planks":112},"minecraft:killed":{"minecraft:skeleton":2},"minecraft:custom":{"minecraft:time_since_rest":6499,"minecraft:sprint_one_cm":33791,"minecraft:damage_taken":380,"minecraft:walk_one_cm":26654,"minecraft:mob_kills":2,"minecraft:drop":1,"minecraft:damage_dealt":398,"minecraft:interact_with_crafting_table":5,"minecraft:fly_one_cm":37801,"minecraft:open_chest":3,"minecraft:crouch_one_cm":5801,"minecraft:play_time":15566,"minecraft:deaths":1,"minecraft:sneak_time":2160,"minecraft:walk_under_water_one_cm":1937,"minecraft:jump":293,"minecraft:time_since_death":6477,"minecraft:walk_on_water_one_cm":1061,"minecraft:climb_one_cm":11246,"minecraft:total_world_time":15566,"minecraft:fall_one_cm":9923},"minecraft:killed_by":{"minecraft:skeleton":1},"minecraft:picked_up":{"minecraft:crafting_table":2,"minecraft:jungle_log":101,"minecraft:flint":2,"minecraft:jungle_slab":1,"minecraft:flint_and_steel":1,"minecraft:light_gray_concrete":2,"minecraft:arrow":3,"minecraft:bone":3,"minecraft:stone_axe":1,"minecraft:jungle_sapling":1,"minecraft:melon_slice":14,"minecraft:coal_block":3,"minecraft:iron_sword":1,"minecraft:cobblestone":6},"minecraft:used":{"minecraft:jungle_sapling":1,"minecraft:flint_and_steel":1,"minecraft:melon_slice":6,"minecraft:wooden_pickaxe":12,"minecraft:iron_sword":8,"minecraft:golden_leggings":1,"minecraft:stone_axe":58,"minecraft:crafting_table":3,"minecraft:jungle_planks":10,"minecraft:jungle_slab":7,"alexsmobs:animal_dictionary":2},"minecraft:dropped":{"minecraft:wooden_pickaxe":1},"minecraft:mined":{"minecraft:jungle_slab":1,"minecraft:fire":5,"minecraft:jungle_leaves":4,"minecraft:crafting_table":2,"minecraft:melon":2,"minecraft:vine":3,"minecraft:jungle_log":59,"minecraft:light_gray_concrete":2,"minecraft:coal_block":3,"minecraft:stone":6,"minecraft:spawner":1}},"DataVersion":3465}