{"stats":{"minecraft:custom":{"minecraft:jump":20,"minecraft:time_since_rest":9142,"minecraft:walk_on_water_one_cm":2459,"minecraft:sprint_one_cm":2129,"minecraft:damage_taken":196,"minecraft:leave_game":3,"minecraft:play_time":9142,"minecraft:walk_one_cm":1682,"minecraft:time_since_death":9142,"minecraft:climb_one_cm":1336,"minecraft:total_world_time":9142,"minecraft:walk_under_water_one_cm":5854,"minecraft:swim_one_cm":2079,"minecraft:fall_one_cm":569,"minecraft:fly_one_cm":813},"minecraft:picked_up":{"minecraft:stick":2,"minecraft:jungle_sapling":2}},"DataVersion":3465}