{"stats":{"minecraft:custom":{"minecraft:time_since_rest":5583,"minecraft:crouch_one_cm":468,"minecraft:sprint_one_cm":7028,"minecraft:play_time":23958,"minecraft:walk_one_cm":14744,"minecraft:damage_taken":768,"minecraft:deaths":2,"minecraft:sneak_time":377,"minecraft:walk_under_water_one_cm":11924,"minecraft:jump":127,"minecraft:damage_dealt":397,"minecraft:leave_game":4,"minecraft:walk_on_water_one_cm":12204,"minecraft:time_since_death":5556,"minecraft:climb_one_cm":4007,"minecraft:total_world_time":23958,"minecraft:swim_one_cm":51454,"minecraft:fall_one_cm":3911,"minecraft:fly_one_cm":6313,"minecraft:player_kills":2},"minecraft:killed_by":{"minecraft:skeleton":1,"minecraft:player":1},"minecraft:picked_up":{"minecraft:stick":2,"minecraft:jungle_sapling":2,"minecraft:golden_chestplate":1},"minecraft:used":{"minecraft:golden_chestplate":1},"minecraft:mined":{"minecraft:oak_leaves":1}},"DataVersion":3465}