{"stats":{"minecraft:custom":{"minecraft:time_since_rest":284,"minecraft:crouch_one_cm":785,"minecraft:sprint_one_cm":13064,"minecraft:play_time":34622,"minecraft:walk_one_cm":34231,"minecraft:damage_taken":1228,"minecraft:deaths":5,"minecraft:sneak_time":1718,"minecraft:walk_under_water_one_cm":12772,"minecraft:jump":382,"minecraft:damage_dealt":555,"minecraft:leave_game":5,"minecraft:walk_on_water_one_cm":16387,"minecraft:time_since_death":261,"minecraft:climb_one_cm":7266,"minecraft:total_world_time":34622,"minecraft:swim_one_cm":52687,"minecraft:fall_one_cm":12700,"minecraft:fly_one_cm":13323,"minecraft:player_kills":2},"minecraft:killed_by":{"minecraft:skeleton":2,"minecraft:player":1},"minecraft:picked_up":{"minecraft:stick":2,"minecraft:jungle_sapling":2,"minecraft:dirt":6,"minecraft:golden_chestplate":1},"minecraft:used":{"minecraft:golden_chestplate":1},"minecraft:mined":{"minecraft:grass":3,"minecraft:grass_block":2,"minecraft:vine":5,"minecraft:dirt":4,"minecraft:fire":17,"minecraft:jungle_leaves":10,"minecraft:oak_leaves":1}},"DataVersion":3465}